id,last_name,country
0,weber,austria
1,schmidt,austria
2,wagner,austria
3,m√ºller,austria
4,gruber,austria
5,schneider,germany
6,fischer,germany
7,meyer,germany
8,becker,germany
9,dubois,france
10,leroy,france
11,moreau,france
12,fournier,france
13,bernard,france
14,yamamoto,japan
15,suzuki,japan
16,takahashi,japan
17,kobayashi,japan
18,tanaka,japan
19,smith,united kingdom
20,johnson,united kingdom
21,williams,united kingdom
22,brown,united kingdom
23,lee,canada
24,singh,canada
25,wong,canada
26,chen,canada
27,patel,canada
28,ryan,ireland
29,kelly,ireland
30,o'sullivan,ireland
31,byrne,ireland
32,doyle,ireland
33,rossi,italy
34,russo,italy
35,ferrari,italy
36,bianchi,italy
37,gallo,italy
38,hernandez,mexico
39,garcia,mexico
40,martinez,mexico
41,lopez,mexico
42,rodriguez,mexico
43,fernandez,argentina
44,gonzalez,argentina
45,suarez,argentina
46,diaz,argentina
47,sharma,india
48,shah,india
49,kumar,india
50,verma,india
51,wang,china
52,li,china
53,zhang,china
54,liu,china
55,ivanov,russia
56,smirnov,russia
57,kuznetsov,russia
58,petrov,russia
59,sokolov,russia
60,al-mansour,saudi arabia
61,al-abdullah,saudi arabia
62,al-dosari,saudi arabia
63,al-ali,saudi arabia
64,al-muhanna,saudi arabia
65,al-farsi,united arab emirates
66,al-mansoori,united arab emirates
67,al-kaabi,united arab emirates
68,al-mazroui,united arab emirates
69,al-dhaheri,united arab emirates
70,al-thani,qatar
71,al-kuwari,qatar
72,al-attiyah,qatar
73,al-jaber,qatar
74,al-nuaimi,qatar
75,lim,singapore
76,tan,singapore
77,ng,singapore
78,ong,singapore
79,chua,singapore
80,abdullah,malaysia
81,bin,malaysia
82,del rosario,philippines
83,santos,philippines
84,cruz,philippines
85,reyes,philippines
86,suwannarat,indonesia
87,setiawan,indonesia
88,putra,indonesia
89,permana,indonesia
90,chang,thailand
91,song,thailand
92,kim,thailand
93,tran,vietnam
94,nguyen,vietnam
95,le,vietnam
96,pham,vietnam
97,hoang,vietnam
98,jones,new zealand
99,wilson,new zealand
100,mohamed,egypt
101,ibrahim,egypt
102,ali,egypt
103,hassan,egypt
104,saleh,egypt
105,onyango,kenya
106,kamau,kenya
107,mwangi,kenya
108,muthoni,kenya
109,njoroge,kenya
110,ogbonna,nigeria
111,okoye,nigeria
112,eze,nigeria
113,nwankwo,nigeria
114,obi,nigeria